Complexity,Loss,Equation
1,0.019233407,"0.6403304"
3,0.008862939,"Speed * 0.07382124"
4,0.0069972356,"erf(Speed * 0.07736027)"
5,0.006765218,"sin(sin(Speed * 0.09295893))"
6,0.0065500117,"sin(Speed * 0.14969663) - 0.27937785"
7,0.0057411287,"cos(sin(Speed * 0.3154921)) * 0.7370595"
8,0.0055115586,"cos(exp(-0.000557136 * sinh(Speed))) * 0.70773876"
9,0.005507988,"sinh(cos(exp(cosh(Speed) * -0.0006423595)) * 0.65899485)"
10,0.0053396644,"cos(sin((log(BEAUFORT) + Speed) * 0.27603298)) * 0.72775906"
11,0.0049065053,"(cos((sin(BEAUFORT) - Speed) * 0.6000104) * 0.17513093) + 0.5616683"
12,0.0047267666,"cos(sin((Speed + cos(BEAUFORT - -1.6014283e7)) * 0.29600593)) * 0.7358115"
13,0.0046736817,"cos(sin((sinh(cos(-1.2864051e7 - BEAUFORT)) + Speed) * 0.29342508)) * 0.7362819"
14,0.004503366,"cos(sin(((cos(BEAUFORT + -1.6483831e7) * -0.050924245) + 0.2847273) * Speed)) * 0.74262714"
15,0.004399135,"cos(sin(exp((0.10238209 - (cos(BEAUFORT + 1.1201825e7) * 0.01837188)) * Speed))) * 0.75159734"
16,0.0043989723,"cos(sin(exp(sinh(0.10220266 - (cos(BEAUFORT + 1.1201825e7) * 0.018266566)) * Speed))) * 0.75158703"
17,0.0042390972,"cos(exp(cosh(Speed) * -0.00059280475)) * ((-0.060603157 * cos((BEAUFORT * Speed) ^ 0.6177095)) + 0.69824296)"
18,0.0041739703,"sin((Speed - cos(Speed)) * 0.13517074) * ((cos((BEAUFORT * Speed) ^ 0.6166627) * -0.06697181) + 0.706569)"
19,0.004159089,"sinh(sin((Speed - cos(Speed)) * 0.14159784) * ((cos((BEAUFORT * Speed) ^ 0.6168387) * -0.05396231) + 0.65316874))"
20,0.004091946,"((cos((Speed * BEAUFORT) * 0.16140176) * (0.5174053 ^ DraftStern)) + 0.7087535) * sin((Speed - cos(Speed)) * 0.13604206)"
21,0.003992379,"cos(sin(Speed * -0.31317997)) * ((cos((Speed + sin(4.260198 ^ BEAUFORT)) * (BEAUFORT * 0.15911473)) * 0.07274983) + 0.7308838)"
22,0.0037621253,"cos(exp(cosh(Speed) * -0.0006198105)) * ((cos((BEAUFORT * -0.15798089) * (sin(4.2602177 ^ BEAUFORT) + Speed)) * 0.06933345) + 0.69824296)"
23,0.0036775025,"sin((Speed - cos(Speed)) * 0.13780393) * ((cos((BEAUFORT * 0.15794519) * (Speed + sin(4.260192 ^ BEAUFORT))) * 0.07559702) + 0.70283705)"
24,0.003657523,"(0.7022947 + (cos((BEAUFORT * -0.1572403) * (Speed + sinh(sin(4.2601967 ^ BEAUFORT)))) * 0.07589089)) * sin(0.13800831 * (Speed - cos(Speed)))"
25,0.0036252632,"sin((Speed - cos(Speed)) * 0.13759337) * (((0.5306243 ^ DraftStern) * cos(((sin(4.260187 ^ BEAUFORT) + Speed) * BEAUFORT) * 0.15754652)) + 0.7031652)"
26,0.0035720565,"sin((Speed - cos(Speed)) * 0.13852078) * ((cos(BEAUFORT * ((sin(4.260208 ^ BEAUFORT) + (Speed + cos(DraftBow))) * 0.16737896)) * 0.07706648) + 0.69768065)"
27,0.0035561842,"((cos((BEAUFORT * -0.16672792) * (Speed + (cos(DraftBow) + sinh(sin(4.260208 ^ BEAUFORT))))) * 0.0770867) + 0.69720906) * sin((Speed - cos(Speed)) * 0.13864224)"
28,0.0034661854,"sin((Speed - cos(Speed)) * 0.1377198) * ((cos(BEAUFORT * (((Speed + sin(4.260222 ^ BEAUFORT)) + sin(DraftBow / 0.14878245)) * -0.17052798)) * 0.0784782) + 0.69997436)"
29,0.0034606017,"sin((Speed - cos(Speed)) * 0.13774724) * ((cos((Speed + (sin(DraftBow / 0.14865385) + sinh(sin(4.260226 ^ BEAUFORT)))) * (BEAUFORT * 0.16949847)) * 0.07824536) + 0.69969845)"
30,0.003440777,"(((DraftStern ^ -1.8092564) * cos(BEAUFORT * ((sin(4.260222 ^ BEAUFORT) + (Speed + sin(DraftBow / 0.14901468))) * -0.1700359))) + 0.6999181) * sin((Speed - cos(Speed)) * 0.13797891)"
31,0.003416622,"sin((log(1.2916499 - cos(Speed)) + Speed) * 0.13570169) * ((cos(((sin(4.2602177 ^ BEAUFORT) + (sin(DraftBow / 0.14878263) + Speed)) * -0.17047918) * BEAUFORT) * 0.07948572) + 0.7032063)"
32,0.0034121717,"((cos((sin(DraftBow / 0.14865947) + (Speed + sinh(sin(4.2602196 ^ BEAUFORT)))) * (BEAUFORT * 0.16953386)) * 0.07922696) + 0.70264816) * sin((log(1.2888912 - cos(Speed)) + Speed) * 0.13590695)"
33,0.0033915155,"sin((log(1.2855654 - cos(Speed)) + Speed) * 0.13619694) * (((DraftStern ^ -1.8008896) * cos((((sin(DraftBow / 0.14900829) + sin(4.2602177 ^ BEAUFORT)) + Speed) * -0.1700359) * BEAUFORT)) + 0.7029051)"
34,0.003370453,"sin((log(exp(0.7165151 ^ BEAUFORT) - cos(Speed)) + Speed) * 0.13586943) * ((cos(((Speed + (sin(DraftBow / 0.14862907) + sin(4.26022 ^ BEAUFORT))) * -0.17026848) * BEAUFORT) * 0.08189521) + 0.702345)"
35,0.003341687,"sin((Speed - cos(Speed)) * 0.13640037) * ((cos(((cos(DraftBow / 0.15713614) + Speed) + sin(4.260384 ^ BEAUFORT)) * ((cos(exp(BEAUFORT)) / exp(DraftBow)) - (BEAUFORT * 0.1708319))) * 0.07743756) + 0.70179236)"
36,0.0033182679,"((0.07678201 * cos((BEAUFORT * (0.16995084 - (cos(exp(BEAUFORT)) / (BEAUFORT ^ DraftBow)))) * ((sin(4.260387 ^ BEAUFORT) + cos(DraftBow / -0.1567921)) + Speed))) + 0.7028697) * sin((Speed - cos(Speed)) * 0.13576542)"
37,0.0033080615,"((cos(((cos(exp(BEAUFORT)) / exp(DraftBow)) - (BEAUFORT * 0.17028312)) * (sin(4.260369 ^ BEAUFORT) + (Speed + cos(DraftBow / -0.15736558)))) * (DraftStern ^ -1.8182329)) + 0.7013084) * sin((Speed - cos(Speed)) * 0.13671488)"
38,0.0032754783,"sin((Speed - cos(Speed)) * 0.13856055) * ((cos((((Speed + cos(DraftBow / -0.15816559)) - ((BEAUFORT / cos(BEAUFORT)) / exp(DraftBow))) + sin(4.260344 ^ BEAUFORT)) * (BEAUFORT * -0.17146586)) * (DraftStern ^ -1.8070829)) + 0.6960101)"
39,0.0032567573,"((cos((BEAUFORT * ((cos(DraftBow / 0.15682538) + Speed) + sin(4.2603846 ^ BEAUFORT))) * (0.1697272 - (cos(exp(BEAUFORT)) / (BEAUFORT ^ DraftBow)))) * 0.07812162) + 0.7065363) * sin((log(1.2999738 - cos(Speed)) + Speed) * 0.13351743)"
40,0.0032481852,"sin((log(1.295987 - cos(Speed)) + Speed) * 0.13449204) * ((cos(((Speed + cos(DraftBow / 0.15737292)) + sin(4.260368 ^ BEAUFORT)) * ((cos(exp(BEAUFORT)) / exp(DraftBow)) - (BEAUFORT * 0.17015436))) * (DraftStern ^ -1.8067902)) + 0.7049802)"
